Sr_no,Country Name,Country Code,Indicator Name,Indicator Code,_1960,_1961,_1962,_1963,_1964,_1965,_1966,_1967,_1968,_1969,_1970,_1971,_1972,_1973,_1974,_1975,_1976,_1977,_1978,_1979,_1980,_1981,_1982,_1983,_1984,_1985,_1986,_1987,_1988,_1989,_1990,_1991,_1992,_1993,_1994,_1995,_1996,_1997,_1998,_1999,_2000,_2001,_2002,_2003,_2004,_2005,_2006,_2007,_2008,_2009,_2010,_2011,_2012,_2013,_2014,INDICATOR_CODE,INDICATOR_NAME,SOURCE_NOTE,SOURCE_ORGANIZATION,Region,IncomeGroup,SpecialNotes,TableName
1,Australia,AUS,Electric power transmission and distribution losses (% of output),EG.ELC.LOSS.ZS,12.53205278,11.47540984,11.93123956,11.56795443,11.28311313,10.65419444,10.45141205,9.983814197,10.79929122,10.47207665,9.048014419,8.986709398,8.486407715,12.72763969,10.31708403,10.28690251,10.53382553,10.28646938,10.02750775,10.00849486,9.624713863,10.95217595,8.02582054,8.014822256,7.327091405,8.804947351,7.420198765,7.810801153,7.230248601,7.548170408,6.158004239,6.082306945,6.257305531,6.074640398,6.051361197,6.141604699,6.101255112,5.967173971,6.312718248,6.89348662,7.13795601,8.093550041,6.624211665,6.580200013,7.599479434,6.723101245,6.745671968,6.016157775,6.093231252,5.911445213,6.477314556,6.515771523,5.798700161,5.340095585,4.779589469,EG.ELC.LOSS.ZS,Electric power transmission and distribution losses (% of output),"Electric power transmission and distribution losses include losses in transmission between sources of supply and points of distribution and in the distribution to consumers, including pilferage.","IEA Statistics © OECD/IEA 2018 (http://www.iea.org/stats/index.asp), subject to https://www.iea.org/t&c/termsandconditions/",East Asia & Pacific,High income,"The reporting period for national accounts data is designated as either calendar year basis (CY) or fiscal year basis (FY). For this country, it is fiscal year-based (fiscal year-end: June 30). Also, an estimate (PA.NUS.ATLS) of the exchange rate covers the same period and thus differs from the official exchange rate (CY).",Australia
2,Austria,AUT,Electric power transmission and distribution losses (% of output),EG.ELC.LOSS.ZS,8.243750809,8.29518743,8.109360519,8.419696376,7.664857258,7.363170419,6.970714498,6.983587533,7.380248374,7.469247677,7.035482124,7.283171406,7.557476232,7.478328374,6.82532555,6.755789654,6.783602228,6.501821689,6.696393025,6.279075553,6.317307692,6.431378119,6.267313839,6.027828076,6.269351703,6.296008413,6.391977625,5.749879246,5.865127002,5.633201099,5.907172996,6.030170782,5.839123731,6.170796753,5.868242789,6.031389322,6.057042595,5.719673162,5.973886603,5.542759864,5.339546381,6.039268345,5.218594538,5.668106787,5.528830632,5.325104285,5.10387567,5.221737406,5.003951712,5.401411424,4.932728825,5.31057297,4.888662495,5.248644462,5.329784472,EG.ELC.LOSS.ZS,Electric power transmission and distribution losses (% of output),"Electric power transmission and distribution losses include losses in transmission between sources of supply and points of distribution and in the distribution to consumers, including pilferage.","IEA Statistics © OECD/IEA 2018 (http://www.iea.org/stats/index.asp), subject to https://www.iea.org/t&c/termsandconditions/",Europe & Central Asia,High income,"A simple multiplier is used to convert the national currencies of EMU members to euros. The following irrevocable euro conversion rate was adopted by the EU Council on January 1, 1999: 1 euro = 13.7603 Austrian schilling. Please note that historical data before 1999 are not actual euros and are not comparable or suitable for aggregation across countries.",Austria
3,Belgium,BEL,Electric power transmission and distribution losses (% of output),EG.ELC.LOSS.ZS,5.015839493,5.277933745,5.169563978,4.348288327,4.16038149,4.353100359,4.764217591,5.613946224,5.506424792,5.174009943,5.333682797,4.958329572,4.978413384,4.712544626,4.806919696,5.176637758,4.846890054,5.148392328,5.083170158,5.201811001,5.19297056,5.262632115,5.354355917,5.163006806,5.356677221,5.384027444,5.319241249,5.201598023,5.034009389,4.971813927,5.127183748,4.923720956,4.953087803,5.242050579,5.00413507,4.996191305,5.102611195,4.740499095,4.677429181,4.94925989,4.577579646,4.942888397,4.660299732,4.496116609,4.796509905,4.848965686,4.954474321,4.643085641,5.099123027,4.526423624,4.564492236,4.666681646,5.061197486,4.875614624,5.425023076,EG.ELC.LOSS.ZS,Electric power transmission and distribution losses (% of output),"Electric power transmission and distribution losses include losses in transmission between sources of supply and points of distribution and in the distribution to consumers, including pilferage.","IEA Statistics © OECD/IEA 2018 (http://www.iea.org/stats/index.asp), subject to https://www.iea.org/t&c/termsandconditions/",Europe & Central Asia,High income,"A simple multiplier is used to convert the national currencies of EMU members to euros. The following irrevocable euro conversion rate was adopted by the EU Council on January 1, 1999: 1 euro = 40.3399 Belgian franc. Please note that historical data before 1999 are not actual euros and are not comparable or suitable for aggregation across countries.",Belgium
4,Canada,CAN,Electric power transmission and distribution losses (% of output),EG.ELC.LOSS.ZS,8.728420399,8.903248189,8.648431215,8.592752075,8.425454545,7.654055964,7.874406319,8.098023098,8.036431527,7.426928115,7.710775516,7.6886667,8.026344123,9.553430267,8.546285029,9.9289014,9.851116625,7.756206021,8.611372763,8.071621509,8.636190721,7.189981048,7.747277003,7.468307873,7.024782042,7.565132881,7.166611879,6.964864342,7.712548286,8.233327327,7.076161571,7.169478092,7.06044257,6.891717423,6.586427629,7.081543915,7.617174205,6.962343096,6.908407208,7.447166829,7.805698849,7.52229645,8.209655365,6.499112871,6.288081485,8.311846117,8.526922473,7.465348204,8.346548161,8.70933084,8.559491004,8.800575809,8.438532257,8.466955783,8.711767383,EG.ELC.LOSS.ZS,Electric power transmission and distribution losses (% of output),"Electric power transmission and distribution losses include losses in transmission between sources of supply and points of distribution and in the distribution to consumers, including pilferage.","IEA Statistics © OECD/IEA 2018 (http://www.iea.org/stats/index.asp), subject to https://www.iea.org/t&c/termsandconditions/",North America,High income,Fiscal year end: March 31; reporting period for national accounts data: CY.,Canada
5,Central Europe and the Baltics,CEB,Electric power transmission and distribution losses (% of output),EG.ELC.LOSS.ZS,9.562188375,9.168734491,8.949779437,9.076635716,9.145109633,9.022433273,8.653066739,8.094363611,8.233031213,8.339074637,8.966678909,7.951081472,7.829387054,7.837003204,8.784799496,8.491101448,8.742353083,8.268145189,8.260012831,8.321324944,8.641454086,8.679478453,8.497208508,8.411013572,8.880753464,8.920876244,8.657666109,8.971536154,8.858688614,8.601451744,8.632131641,9.80770432,10.71744566,11.83305509,11.73934283,12.21180911,11.88770787,11.60553232,11.12111233,11.17257607,10.65221551,10.27836379,10.00893696,9.537152117,9.180961794,9.115907563,8.748801281,8.876198622,8.313179915,8.480238871,8.15257674,7.547181688,7.820320589,7.507269933,7.370623073,EG.ELC.LOSS.ZS,Electric power transmission and distribution losses (% of output),"Electric power transmission and distribution losses include losses in transmission between sources of supply and points of distribution and in the distribution to consumers, including pilferage.","IEA Statistics © OECD/IEA 2018 (http://www.iea.org/stats/index.asp), subject to https://www.iea.org/t&c/termsandconditions/",Europe & Central Asia,High income,Central Europe and the Baltics aggregate.,Central Europe and the Baltics
6,Switzerland,CHE,Electric power transmission and distribution losses (% of output),EG.ELC.LOSS.ZS,9.599033816,9.297843047,9.875793799,9.923228778,9.921787709,9.09703504,8.575156024,8.181581686,8.160541649,9.003499473,8.077409708,7.65850999,8.293861163,7.944699459,8.277181823,7.371041672,8.531921969,6.868598823,7.410650888,6.932805455,6.638297872,6.200563337,6.08478708,6.240061309,6.756129553,6.201271225,6.163668842,6.03962922,5.983779617,6.080113118,7.404713413,7.318402363,7.372410482,7.065395991,6.750229288,7.200231333,7.589198414,6.925087108,6.938559322,7.039156583,6.177787188,5.905035323,6.354540594,6.406727829,6.645267361,7.321462562,6.74810094,6.354701305,6.383137419,6.276903694,6.619027433,7.1349065,6.722923393,6.805878929,6.698810305,EG.ELC.LOSS.ZS,Electric power transmission and distribution losses (% of output),"Electric power transmission and distribution losses include losses in transmission between sources of supply and points of distribution and in the distribution to consumers, including pilferage.","IEA Statistics © OECD/IEA 2018 (http://www.iea.org/stats/index.asp), subject to https://www.iea.org/t&c/termsandconditions/",Europe & Central Asia,High income,Fiscal year end: March 31; reporting period for national accounts data: CY.,Switzerland
7,Germany,DEU,Electric power transmission and distribution losses (% of output),EG.ELC.LOSS.ZS,6.482649976,6.436062849,6.491538635,6.486928324,6.325050747,5.8963516,5.184426345,5.500196241,5.415526786,5.713509638,6.053353456,5.435616304,5.558848274,5.346839338,5.081126476,5.278421971,4.953218026,4.849161959,3.990410158,4.040438605,4.470343526,4.657104313,4.611746409,5.121536881,4.644766937,4.63212694,4.238874846,3.950858395,3.991891926,4.028905789,4.296722359,2.572476886,2.333643137,3.215582397,4.36362944,4.743306295,4.64471001,3.996635104,4.368590179,4.210878752,5.956880239,5.698538889,4.7180705,4.467837304,4.621628034,4.762585255,4.485311317,4.625802674,4.747627605,4.238040836,3.826149129,4.08396846,3.937997621,3.866686679,3.884470799,EG.ELC.LOSS.ZS,Electric power transmission and distribution losses (% of output),"Electric power transmission and distribution losses include losses in transmission between sources of supply and points of distribution and in the distribution to consumers, including pilferage.","IEA Statistics © OECD/IEA 2018 (http://www.iea.org/stats/index.asp), subject to https://www.iea.org/t&c/termsandconditions/",Europe & Central Asia,High income,"A simple multiplier is used to convert the national currencies of EMU members to euros. The following irrevocable euro conversion rate was adopted by the EU Council on January 1, 1999: 1 euro = 1.95583 Deutsche Mark. Please note that historical data before 1999 are not actual euros and are not comparable or suitable for aggregation across countries.",Germany
8,Denmark,DNK,Electric power transmission and distribution losses (% of output),EG.ELC.LOSS.ZS,11.80505415,13.16779533,12.46559819,11.90635452,12.51276813,12.35115277,10.54322723,11.24038651,10.04481533,8.242382901,7.84059129,7.946735395,7.776805677,8.786610879,10.06938753,10.33180026,10.21502755,10.61004351,10.16260163,8.972909412,7.3640949,9.062389313,7.620332125,9.675819469,9.271347918,7.685973099,6.805704447,7.446844586,7.955112219,10.22543932,9.498883843,6.914762621,7.267876895,7.167245541,4.169747154,6.371402144,5.97028853,4.83809094,5.577311313,5.061664954,5.835852772,6.294892523,5.322371268,4.436409302,4.476209318,4.212878662,3.437767205,4.952182318,5.940026218,6.500288596,6.752097164,6.247693661,7.003029217,5.55795412,6.133482476,EG.ELC.LOSS.ZS,Electric power transmission and distribution losses (% of output),"Electric power transmission and distribution losses include losses in transmission between sources of supply and points of distribution and in the distribution to consumers, including pilferage.","IEA Statistics © OECD/IEA 2018 (http://www.iea.org/stats/index.asp), subject to https://www.iea.org/t&c/termsandconditions/",Europe & Central Asia,High income,Fiscal year end: March 31; reporting period for national accounts data: CY.,Denmark
9,Early-demographic dividend,EAR,Electric power transmission and distribution losses (% of output),EG.ELC.LOSS.ZS,9.911190053,9.398870807,9.241573034,10.59502887,10.26735565,10.05451242,10.50261214,10.96441797,11.49077278,10.69150293,10.05450539,11.31242938,11.21313234,11.29104293,11.35342033,11.561961,11.75724064,11.83616252,12.10132538,12.00646382,12.33104733,12.71778389,13.18792575,13.24947039,12.82577675,13.33559712,12.69670771,13.41500292,13.23291443,13.60253443,13.21228807,13.56889383,13.65727061,13.87047517,13.99414765,14.30167598,14.78503076,15.05399003,15.75509704,16.6233799,17.35424624,17.59769864,17.25251192,16.8396883,16.95783387,16.81570483,16.21668387,16.03790214,15.72486896,15.91454005,14.88121518,14.56129874,14.78555815,14.71949367,15.25573851,EG.ELC.LOSS.ZS,Electric power transmission and distribution losses (% of output),"Electric power transmission and distribution losses include losses in transmission between sources of supply and points of distribution and in the distribution to consumers, including pilferage.","IEA Statistics © OECD/IEA 2018 (http://www.iea.org/stats/index.asp), subject to https://www.iea.org/t&c/termsandconditions/",Europe & Central Asia,High income,Early-dividend countries are mostly lower-middle-income countries further along the fertility transition. Fertility rates have fallen below four births per woman and the working-age share of the population is likely rising considerably.,Early-demographic dividend
10,East Asia & Pacific,EAS,Electric power transmission and distribution losses (% of output),EG.ELC.LOSS.ZS,11.56002696,10.86830947,10.57962891,9.627431921,9.345926263,9.162165025,8.674871459,7.969001515,7.800013493,7.321032064,7.113237868,7.332755044,7.301927895,7.462305326,6.529015389,6.954459225,6.832589382,6.778551934,6.619453678,6.49139901,6.431587002,6.638072407,6.50528591,6.530139603,6.236047736,6.424236764,6.448986333,6.407916089,6.060779241,6.20729304,6.161811907,6.282656663,6.323667436,6.555550474,6.116401601,6.556298871,6.459824927,6.355601395,6.386860003,6.348040293,6.252610937,6.372733943,6.515526269,6.278874086,6.15864851,6.248892369,6.098138793,5.940662225,5.900065942,5.840706535,5.823598403,5.701272535,5.614256244,5.608815188,5.412341497,EG.ELC.LOSS.ZS,Electric power transmission and distribution losses (% of output),"Electric power transmission and distribution losses include losses in transmission between sources of supply and points of distribution and in the distribution to consumers, including pilferage.","IEA Statistics © OECD/IEA 2018 (http://www.iea.org/stats/index.asp), subject to https://www.iea.org/t&c/termsandconditions/",Europe & Central Asia,High income,East Asia and Pacific regional aggregate (includes all income levels).,East Asia & Pacific
11,Europe & Central Asia (excluding high income),ECA,Electric power transmission and distribution losses (% of output),EG.ELC.LOSS.ZS,9.911190053,9.398870807,9.241573034,10.59502887,10.26735565,10.05451242,10.50261214,10.96441797,11.49077278,10.69150293,10.05450539,8.453563175,8.79762041,9.522489815,9.863028049,9.553208773,9.460683409,9.414863594,9.737561703,9.494984138,10.41488071,10.3784693,10.40748276,10.33954592,10.38074985,10.28127294,11.28941019,10.94436191,11.61736371,11.0702025,8.416794682,8.716161973,9.360602208,10.42774564,11.19039054,11.30669922,12.26518834,12.68440356,13.65628754,13.57561622,13.71877246,13.98809245,14.10383835,13.75990178,13.11586161,12.77602581,12.00425793,11.62209892,11.5443206,11.75887675,11.13267144,10.94344118,11.02337333,11.24935628,10.88882571,EG.ELC.LOSS.ZS,Electric power transmission and distribution losses (% of output),"Electric power transmission and distribution losses include losses in transmission between sources of supply and points of distribution and in the distribution to consumers, including pilferage.","IEA Statistics © OECD/IEA 2018 (http://www.iea.org/stats/index.asp), subject to https://www.iea.org/t&c/termsandconditions/",Europe & Central Asia,High income,Fiscal year end: March 31; reporting period for national accounts data: CY.,Europe & Central Asia (excluding high income)
12,Europe & Central Asia,ECS,Electric power transmission and distribution losses (% of output),EG.ELC.LOSS.ZS,9.462629743,9.227015914,8.947057615,8.658531685,8.450552352,8.285878552,7.968593168,7.984373192,7.792384715,7.637738652,7.505113253,7.31916102,7.277337713,7.192795544,7.029367811,7.292256671,7.182957734,7.134613194,6.998320871,6.945669684,7.088614053,7.036368471,6.985620934,7.25876501,7.226786553,7.314292777,7.028410968,7.064857761,6.889698849,6.760849257,7.399406314,7.412950089,7.522034291,8.172281182,8.511214339,8.624069674,8.889864092,8.661412472,9.100662109,8.968973853,9.214641885,9.21131288,9.02378597,8.97506189,8.805303545,8.636182636,8.269066582,8.166033739,8.175973936,8.235807396,7.991513184,7.898796318,8.044326699,8.152010834,8.021752237,EG.ELC.LOSS.ZS,Electric power transmission and distribution losses (% of output),"Electric power transmission and distribution losses include losses in transmission between sources of supply and points of distribution and in the distribution to consumers, including pilferage.","IEA Statistics © OECD/IEA 2018 (http://www.iea.org/stats/index.asp), subject to https://www.iea.org/t&c/termsandconditions/",Europe & Central Asia,High income,Europe and Central Asia regional aggregate (includes all income levels).,Europe & Central Asia
13,Euro area,EMU,Electric power transmission and distribution losses (% of output),EG.ELC.LOSS.ZS,9.011185844,8.924266507,8.606929707,8.47252954,7.995833843,7.759081224,7.408991194,7.45355493,7.218855151,7.166890727,7.11210175,6.831969572,6.790385209,6.712403484,6.382631633,6.688741788,6.43386378,6.491048784,6.160588244,6.122011834,6.330201334,6.286724443,6.262085811,6.641091614,6.436817122,6.501305839,6.236182444,6.086161401,6.135504923,5.965746523,6.188779595,5.747503654,5.587224212,6.020435909,6.065226454,6.391074502,6.256894775,5.822438337,6.204245725,6.035135933,6.395943835,6.249431461,5.876054968,6.025852987,5.992749163,6.160622535,5.859657102,5.907077037,5.996762793,5.937615577,5.855669807,5.741028385,5.968220886,6.128272812,6.057204701,EG.ELC.LOSS.ZS,Electric power transmission and distribution losses (% of output),"Electric power transmission and distribution losses include losses in transmission between sources of supply and points of distribution and in the distribution to consumers, including pilferage.","IEA Statistics © OECD/IEA 2018 (http://www.iea.org/stats/index.asp), subject to https://www.iea.org/t&c/termsandconditions/",Europe & Central Asia,High income,Euro area aggregate.,Euro area
14,Spain,ESP,Electric power transmission and distribution losses (% of output),EG.ELC.LOSS.ZS,18.24433222,17.78906025,15.83497053,16.58493262,14.92921493,15.10843525,14.59699037,13.51504407,12.81133352,12.55476977,12.61034048,12.15718113,11.95464919,11.49616706,10.14161547,10.24020074,9.537789232,9.806988963,9.729570243,9.774314012,9.124201198,8.109385796,9.31052103,9.111789076,9.373782873,9.42388371,9.338833952,9.173038927,9.740662703,8.421195652,9.282700422,9.395214186,9.472878111,9.552300259,9.418776647,9.63731008,8.996625616,7.453462122,9.53917432,9.462827383,8.720764436,7.71494892,8.022357732,8.754707302,8.700461229,8.968888735,8.500179307,8.441917711,8.299622481,8.375332769,9.184768034,8.927634264,8.734716373,9.484623994,9.599234767,EG.ELC.LOSS.ZS,Electric power transmission and distribution losses (% of output),"Electric power transmission and distribution losses include losses in transmission between sources of supply and points of distribution and in the distribution to consumers, including pilferage.","IEA Statistics © OECD/IEA 2018 (http://www.iea.org/stats/index.asp), subject to https://www.iea.org/t&c/termsandconditions/",Europe & Central Asia,High income,"A simple multiplier is used to convert the national currencies of EMU members to euros. The following irrevocable euro conversion rate was adopted by the EU Council on January 1, 1999: 1 euro = 166.386 Spanish peseta. Please note that historical data before 1999 are not actual euros and are not comparable or suitable for aggregation across countries.",Spain
15,European Union,EUU,Electric power transmission and distribution losses (% of output),EG.ELC.LOSS.ZS,9.36447205,9.298028138,8.953472802,8.824240119,8.47337514,8.234334149,7.85826003,7.853705004,7.697158997,7.509925939,7.450349359,7.161406349,7.147704044,7.107342879,6.957767127,7.208993085,7.088789944,6.950990971,6.729873719,6.662124382,6.881212953,6.839006262,6.784838399,7.107908922,7.020544855,7.040273583,6.72286066,6.667237911,6.6478271,6.491527909,6.653610476,6.45176446,6.431618232,6.941735467,6.857278586,7.267526999,7.146660909,6.700809089,6.935921739,6.789602076,7.065627367,6.919220422,6.618810882,6.601226224,6.522054145,6.639912907,6.339106681,6.394332079,6.423350145,6.416351783,6.27593947,6.113721135,6.294166327,6.372313993,6.217181383,EG.ELC.LOSS.ZS,Electric power transmission and distribution losses (% of output),"Electric power transmission and distribution losses include losses in transmission between sources of supply and points of distribution and in the distribution to consumers, including pilferage.","IEA Statistics © OECD/IEA 2018 (http://www.iea.org/stats/index.asp), subject to https://www.iea.org/t&c/termsandconditions/",Europe & Central Asia,High income,European Union aggregate.,European Union
16,Finland,FIN,Electric power transmission and distribution losses (% of output),EG.ELC.LOSS.ZS,8.47181871,8.510028653,8.324724518,8.016913319,8.624068993,8.175287356,7.130259511,8.031026253,7.457665134,6.66700035,6.657268883,7.933213413,8.285775585,8.451459658,7.129673193,8.184631844,7.988378055,6.381050215,6.07578641,5.364013964,5.664220679,5.827568506,5.585913783,6.327464038,5.783116568,6.076514603,5.569764138,5.576570166,5.571847507,5.462957801,5.07751439,4.744248612,5.236899091,4.47780743,4.50092182,4.713047552,3.913626339,3.661674569,4.221357618,3.897375355,3.761289585,3.949735521,3.92502168,4.087707231,3.493505737,4.308463914,3.710273107,3.745461259,4.3057134,3.847701508,3.427374371,3.670698358,4.138557896,3.66139467,4.070843246,EG.ELC.LOSS.ZS,Electric power transmission and distribution losses (% of output),"Electric power transmission and distribution losses include losses in transmission between sources of supply and points of distribution and in the distribution to consumers, including pilferage.","IEA Statistics © OECD/IEA 2018 (http://www.iea.org/stats/index.asp), subject to https://www.iea.org/t&c/termsandconditions/",Europe & Central Asia,High income,"A simple multiplier is used to convert the national currencies of EMU members to euros. The following irrevocable euro conversion rate was adopted by the EU Council on January 1, 1999: 1 euro = 5.94573 Finnish markka. Please note that historical data before 1999 are not actual euros and are not comparable or suitable for aggregation across countries.",Finland
17,France,FRA,Electric power transmission and distribution losses (% of output),EG.ELC.LOSS.ZS,9.124821807,8.512342897,8.284186612,8.48038153,7.743490546,7.634897001,7.643507531,7.250654484,7.116551478,6.92173407,6.745583087,6.664142856,6.251715819,6.221645079,6.294454821,6.687750278,6.559893518,7.078165835,7.064051825,6.782579043,6.723848462,6.494576062,6.537196374,6.662062101,6.622904483,6.769735575,6.549575259,6.640863666,6.290873122,6.461661223,6.640236434,6.695570534,6.246589755,6.358084888,5.535058461,6.13801682,6.281326106,5.913668347,6.205225661,5.785084328,5.682344764,5.618702846,5.580983689,5.654278509,5.580172671,5.642583288,5.585390354,5.607508133,5.886231061,6.57253285,6.275906678,5.825567288,6.732271584,6.625960067,6.342389366,EG.ELC.LOSS.ZS,Electric power transmission and distribution losses (% of output),"Electric power transmission and distribution losses include losses in transmission between sources of supply and points of distribution and in the distribution to consumers, including pilferage.","IEA Statistics © OECD/IEA 2018 (http://www.iea.org/stats/index.asp), subject to https://www.iea.org/t&c/termsandconditions/",Europe & Central Asia,High income,"The following irrevocable euro conversion rate was adopted by the EU Council on January 1, 1999: 1 euro = 6.55957 French franc. Please note that historical data before 1999 are not actual euros and are not comparable or suitable for aggregation across countries.",France
18,United Kingdom,GBR,Electric power transmission and distribution losses (% of output),EG.ELC.LOSS.ZS,8.901749935,8.723878122,8.620178042,7.798720487,7.901779375,7.819422089,7.643773016,7.663769345,7.413180485,7.371974056,7.176610998,7.431692707,7.199153623,6.961386448,6.689011094,7.190812068,6.804006117,7.367692472,7.614273446,7.689062265,7.580499241,7.272576139,7.538023234,7.695406199,8.22229989,8.347951778,8.373001954,8.848841681,7.745179234,7.989765731,7.876823339,8.159277054,7.44834756,7.096824336,9.858041252,8.07575589,8.397912474,7.771922791,8.258026637,8.175770021,8.318664441,8.389038832,8.050806693,8.109461291,8.47862645,7.055934612,6.993620212,7.081947523,7.302705091,7.544944528,7.031320182,7.556342112,7.870796052,7.507743204,8.354185742,EG.ELC.LOSS.ZS,Electric power transmission and distribution losses (% of output),"Electric power transmission and distribution losses include losses in transmission between sources of supply and points of distribution and in the distribution to consumers, including pilferage.","IEA Statistics © OECD/IEA 2018 (http://www.iea.org/stats/index.asp), subject to https://www.iea.org/t&c/termsandconditions/",Europe & Central Asia,High income,Fiscal year end: March 31; reporting period for national accounts data: CY.,United Kingdom
19,Greece,GRC,Electric power transmission and distribution losses (% of output),EG.ELC.LOSS.ZS,12.40174672,13.25800377,12.30037377,12.72891024,12.49686324,12.54596582,10.62167553,9.058283089,9.118067281,8.218091136,8.553971487,8.432797094,7.758554988,7.018964703,7.050599201,7.127791563,7.100823852,7.305767711,6.479809976,6.596688083,7.0542533,7.168811183,7.5928154,8.305883334,8.123689727,7.177361211,8.430521974,7.618161271,7.861407635,7.337035954,8.24155284,8.074308256,7.18871726,7.913574744,7.862608653,7.685416112,7.679611422,7.555668484,6.870939801,6.77194048,7.998128217,9.314944608,7.376031143,8.507037389,8.839882339,9.419960624,8.474717094,7.749836552,8.031854018,5.275477134,6.594383531,4.765767593,2.650935479,6.819693945,8.24146356,EG.ELC.LOSS.ZS,Electric power transmission and distribution losses (% of output),"Electric power transmission and distribution losses include losses in transmission between sources of supply and points of distribution and in the distribution to consumers, including pilferage.","IEA Statistics © OECD/IEA 2018 (http://www.iea.org/stats/index.asp), subject to https://www.iea.org/t&c/termsandconditions/",Europe & Central Asia,High income,"A simple multiplier is used to convert the national currencies of EMU members to euros. The following irrevocable euro conversion rate was adopted by the EU Council on January 1, 1999: 1 euro = 340.75 Greek drachma. Please note that historical data before 1999 are not actual euros and are not comparable or suitable for aggregation across countries.",Greece
20,High income,HIC,Electric power transmission and distribution losses (% of output),EG.ELC.LOSS.ZS,9.403301452,9.171128658,8.899931493,8.742719396,8.621861352,8.67618143,8.723456184,8.427768942,8.328506451,7.965148624,8.033758469,7.849557826,7.968387333,7.804305161,7.519169048,7.971447138,7.984911144,7.694121774,7.77317411,7.572104562,7.671125802,7.005915301,7.304695416,7.47190065,6.711042589,6.925207206,6.480177899,5.967039789,5.847488059,7.846641613,7.509441108,6.552117046,6.575908628,6.84660133,6.665773041,6.760992554,6.741842303,6.148369743,6.268917692,6.04017509,6.180412009,5.636616875,6.285482587,5.900641232,6.278513925,6.317202893,6.165150169,6.080713858,5.985054436,6.256955765,6.05889435,6.068997075,6.152668509,6.009959777,5.943498722,EG.ELC.LOSS.ZS,Electric power transmission and distribution losses (% of output),"Electric power transmission and distribution losses include losses in transmission between sources of supply and points of distribution and in the distribution to consumers, including pilferage.","IEA Statistics © OECD/IEA 2018 (http://www.iea.org/stats/index.asp), subject to https://www.iea.org/t&c/termsandconditions/",Europe & Central Asia,High income,"High income group aggregate. High-income economies are those in which 2021 GNI per capita was more than $13,205.",High income
21,IBRD only,IBD,Electric power transmission and distribution losses (% of output),EG.ELC.LOSS.ZS,9.592796835,9.188391819,8.976466961,9.224415991,9.25601119,9.251318246,8.889350924,8.338556902,8.338808147,8.339971089,8.808871851,9.857410389,9.924499267,10.00367909,10.06591792,10.06174542,10.22616802,10.14860258,10.30989703,10.29397637,10.48105013,10.53873381,10.83015223,10.75887485,10.73023646,10.97302513,10.89559906,11.36919883,11.06572989,11.38174954,10.05209485,10.51374903,10.71631097,11.33847617,11.4711591,11.83099415,12.20699013,12.28583001,12.65493547,13.16263458,13.32111753,13.369973,13.06800937,12.59093742,12.3060227,12.19222119,11.63481154,11.26284233,11.04488509,11.01416318,10.45652391,10.03517454,10.06806518,9.962052229,10.03393896,EG.ELC.LOSS.ZS,Electric power transmission and distribution losses (% of output),"Electric power transmission and distribution losses include losses in transmission between sources of supply and points of distribution and in the distribution to consumers, including pilferage.","IEA Statistics © OECD/IEA 2018 (http://www.iea.org/stats/index.asp), subject to https://www.iea.org/t&c/termsandconditions/",Europe & Central Asia,High income,IBRD only group aggregate.,IBRD only
22,IDA & IBRD total,IBT,Electric power transmission and distribution losses (% of output),EG.ELC.LOSS.ZS,9.592796835,9.188391819,8.976466961,9.224415991,9.25601119,9.251318246,8.889350924,8.338556902,8.338808147,8.339971089,8.808871851,10.0909236,10.12256274,10.16496675,10.17311838,10.21855818,10.42476431,10.33500177,10.49705354,10.60488112,10.84834841,10.99137369,11.12113503,11.09742217,11.15593617,11.29816024,11.16962763,11.67128249,11.46386909,11.71110663,10.32305111,10.7881354,11.0389445,11.59749346,11.79126808,12.15985127,12.55616487,12.66181449,13.088854,13.51946569,13.66457476,13.75372249,13.46357734,12.938456,12.64915449,12.50952797,11.94988841,11.49714249,11.32585178,11.27785724,10.66324717,10.2557626,10.27941459,10.18244916,10.26734461,EG.ELC.LOSS.ZS,Electric power transmission and distribution losses (% of output),"Electric power transmission and distribution losses include losses in transmission between sources of supply and points of distribution and in the distribution to consumers, including pilferage.","IEA Statistics © OECD/IEA 2018 (http://www.iea.org/stats/index.asp), subject to https://www.iea.org/t&c/termsandconditions/",Europe & Central Asia,High income,"IDA and IBRD total group aggregate (includes IDA only, IDA blend, and IBRD only).",IDA & IBRD total
23,Ireland,IRL,Electric power transmission and distribution losses (% of output),EG.ELC.LOSS.ZS,13.08576481,13.41214839,12.44935543,13.12714777,11.73514632,11.56868057,10.6866417,10.73717949,10.15833847,10.38936372,10.58539112,10.12055838,10.43692844,10.60152422,10.4442406,10.54381066,10.95329803,10.77485866,10.48102841,10.47932331,10.35396555,10.88422452,11.31054131,10.78449555,10.04805981,9.087811941,8.710489965,7.728244517,8.894920512,8.866558298,8.967601377,9.189551239,8.910012674,8.84884513,8.818635607,8.594637582,8.641649049,8.41078775,9.186703707,8.486101539,8.532927808,7.741961676,7.913698024,8.189533808,8.074558794,7.99578553,7.803510842,7.799762991,7.429450314,7.514843694,7.534781374,7.554115741,7.44998342,7.953079179,7.920024799,EG.ELC.LOSS.ZS,Electric power transmission and distribution losses (% of output),"Electric power transmission and distribution losses include losses in transmission between sources of supply and points of distribution and in the distribution to consumers, including pilferage.","IEA Statistics © OECD/IEA 2018 (http://www.iea.org/stats/index.asp), subject to https://www.iea.org/t&c/termsandconditions/",Europe & Central Asia,High income,"A simple multiplier is used to convert the national currencies of EMU members to euros. The following irrevocable euro conversion rate was adopted by the EU Council on January 1, 1999: 1 euro = 0.787564 Irish pound. Please note that historical data before 1999 are not actual euros and are not comparable or suitable for aggregation across countries.",Ireland
24,Iceland,ISL,Electric power transmission and distribution losses (% of output),EG.ELC.LOSS.ZS,16.6969147,14.75953566,14.97584541,15.70121951,14.68428781,15.63421829,15.92920354,17.8470255,17.28395062,15.44359255,11.08870968,10.980876,10.81382386,9.439655172,9.382924768,10.03013345,10.08574929,10.41033435,9.272257111,9.543147208,9.139447236,9.529590288,9.633911368,9.352142111,8.222278099,8.564102564,9.261059796,10.83135392,8.798570791,8.463742561,8.758314856,8.611481976,7.545094589,6.621535858,5.020920502,6.585023088,8.881514737,7.98424633,6.973411877,5.370061213,4.112441437,4.394373211,4.693441065,5.764705882,4.430012757,4.386368869,4.159113797,4.132921433,3.497904901,3.017702269,4.097543819,2.922549532,2.769388569,2.064473394,2.747889422,EG.ELC.LOSS.ZS,Electric power transmission and distribution losses (% of output),"Electric power transmission and distribution losses include losses in transmission between sources of supply and points of distribution and in the distribution to consumers, including pilferage.","IEA Statistics © OECD/IEA 2018 (http://www.iea.org/stats/index.asp), subject to https://www.iea.org/t&c/termsandconditions/",Europe & Central Asia,High income,Fiscal year end: March 31; reporting period for national accounts data: CY.,Iceland
25,Italy,ITA,Electric power transmission and distribution losses (% of output),EG.ELC.LOSS.ZS,12.79871406,13.01666252,12.30192537,10.89741785,10.09947445,9.572123883,9.186504385,9.524007483,8.775227447,8.521877167,8.429473973,8.160910265,7.938369158,8.22215737,7.713397668,8.658370948,8.416211839,8.453060779,8.560585493,8.601724032,9.050328657,9.111838797,7.951558083,9.254395949,9.247032889,9.583125271,8.948886948,8.676093841,9.047785141,8.293460155,7.581152913,7.831576249,7.512529865,8.032037134,7.460872606,7.394550142,7.070652219,7.190780614,7.30046717,7.163217681,7.113776714,7.118950768,7.127826701,7.296753505,7.055315322,6.948524458,6.475977523,6.805484359,6.520650534,7.05845631,6.884825603,6.934355126,7.063619668,7.358922437,6.993844295,EG.ELC.LOSS.ZS,Electric power transmission and distribution losses (% of output),"Electric power transmission and distribution losses include losses in transmission between sources of supply and points of distribution and in the distribution to consumers, including pilferage.","IEA Statistics © OECD/IEA 2018 (http://www.iea.org/stats/index.asp), subject to https://www.iea.org/t&c/termsandconditions/",Europe & Central Asia,High income,"A simple multiplier is used to convert the national currencies of EMU members to euros. The following irrevocable euro conversion rate was adopted by the EU Council on January 1, 1999: 1 euro = 1936.27 Italian lira. Please note that historical data before 1999 are not actual euros and are not comparable or suitable for aggregation across countries.",Italy
26,Japan,JPN,Electric power transmission and distribution losses (% of output),EG.ELC.LOSS.ZS,11.08225108,10.44663134,10.04273504,9.001687816,8.69710654,8.604056943,8.052129393,7.343589744,7.060121346,6.580829757,6.567080045,6.417341342,6.556260277,6.045721088,4.826074017,5.215514873,5.064971439,5.020297674,4.623035936,4.474664298,4.434694366,4.119074372,4.291757241,4.309626427,3.791195895,4.288235391,4.333009489,4.277353365,3.973079725,4.01973075,4.671786485,4.743648515,4.723932395,4.66577603,4.562796559,4.55453348,4.366641251,4.562151664,4.579606748,4.441248269,4.314800587,4.232281811,4.543576959,4.605635627,4.402212007,4.266999597,4.247144552,4.224745209,4.459505726,4.523998731,4.135645016,4.359112541,4.092626383,4.484670596,4.307817227,EG.ELC.LOSS.ZS,Electric power transmission and distribution losses (% of output),"Electric power transmission and distribution losses include losses in transmission between sources of supply and points of distribution and in the distribution to consumers, including pilferage.","IEA Statistics © OECD/IEA 2018 (http://www.iea.org/stats/index.asp), subject to https://www.iea.org/t&c/termsandconditions/",East Asia & Pacific,High income,Fiscal year end: March 31; reporting period for national accounts data: CY.,Japan
27,Low & middle income,LMY,Electric power transmission and distribution losses (% of output),EG.ELC.LOSS.ZS,9.911190053,9.398870807,9.241573034,10.59502887,10.26735565,10.05451242,10.50261214,10.96441797,11.49077278,10.69150293,10.05450539,10.5334614,10.48793717,10.50152707,10.45489369,10.47025797,10.61779092,10.59045538,10.8369093,10.95828106,11.13859167,11.4521556,11.42245517,11.39269664,11.44632712,11.54897393,11.37250983,11.84151198,11.64391795,11.95249858,10.28494872,10.64420192,10.91741393,11.46710813,11.66081815,12.0076605,12.45149899,12.59736246,13.03089048,13.52137469,13.64578742,13.72277219,13.43439065,12.91663674,12.56689379,12.41411317,11.85933888,11.3721026,11.21248819,11.13321356,10.63266159,10.22591572,10.25492177,10.15457183,10.0831144,EG.ELC.LOSS.ZS,Electric power transmission and distribution losses (% of output),"Electric power transmission and distribution losses include losses in transmission between sources of supply and points of distribution and in the distribution to consumers, including pilferage.","IEA Statistics © OECD/IEA 2018 (http://www.iea.org/stats/index.asp), subject to https://www.iea.org/t&c/termsandconditions/",Europe & Central Asia,High income,"Low and middle-income group aggregate. Low and middle-income economies are those in which 2021 GNI per capita was less than $13,205.",Low & middle income
28,Late-demographic dividend,LTE,Electric power transmission and distribution losses (% of output),EG.ELC.LOSS.ZS,9.933011372,9.559156845,9.291989664,9.474905572,9.425807318,9.436195618,8.947307737,8.354205524,8.232481208,8.322496749,8.849866101,9.110291469,9.221000894,9.146959183,9.168533933,9.110893165,9.358406461,9.193597178,9.219376267,9.327918392,9.343347797,9.215932924,9.228169294,9.041110184,9.092141034,9.081640359,9.117660116,9.487145513,9.323111086,9.366586466,8.838202695,9.21989496,9.393329464,10.08959256,10.10394009,10.55294627,10.61654617,10.45799434,10.52028515,10.50112509,10.35575408,10.26297798,10.13375344,9.659499666,9.500266845,9.51083081,8.998311243,8.587338789,8.470486448,8.318395972,8.089531153,7.707835374,7.684004315,7.53412952,7.231428499,EG.ELC.LOSS.ZS,Electric power transmission and distribution losses (% of output),"Electric power transmission and distribution losses include losses in transmission between sources of supply and points of distribution and in the distribution to consumers, including pilferage.","IEA Statistics © OECD/IEA 2018 (http://www.iea.org/stats/index.asp), subject to https://www.iea.org/t&c/termsandconditions/",Europe & Central Asia,High income,Late-dividend countries are mostly upper middle-income countries. Fertility rates are typically above replacement levels of 2.1 births per woman but continue to decline with shrinking working-age shares and rapid aging.,Late-demographic dividend
29,Luxembourg,LUX,Electric power transmission and distribution losses (% of output),EG.ELC.LOSS.ZS,3.073770492,2.486910995,3.082191781,3.616236162,4.037685061,3.760913365,4.717655468,4.694167852,4.708362614,4.930555556,5.969049374,5.476369092,5.409356725,6.31276901,8.45410628,7.115749526,6.295620438,6.073943662,5.882352941,5.100182149,2.723311547,9.615384615,13.83763838,13.40425532,9.851301115,7.707129094,4.081632653,5.363321799,16.07142857,14.87341772,14.42307692,15.54921541,16.06060606,14.45603577,16.63778163,27.92607803,22.72727273,24.13793103,39.07103825,35,9.71563981,4.728950404,1.46011396,1.470060954,1.153163808,3.464755078,3.230376877,3.561387067,4.292002935,3.680203046,3.777089783,4.566037736,4.388828437,6.54407788,6.299212598,EG.ELC.LOSS.ZS,Electric power transmission and distribution losses (% of output),"Electric power transmission and distribution losses include losses in transmission between sources of supply and points of distribution and in the distribution to consumers, including pilferage.","IEA Statistics © OECD/IEA 2018 (http://www.iea.org/stats/index.asp), subject to https://www.iea.org/t&c/termsandconditions/",Europe & Central Asia,High income,"A simple multiplier is used to convert the national currencies of EMU members to euros. The following irrevocable euro conversion rate was adopted by the EU Council on January 1, 1999: 1 euro = 40.3399 Luxembourg franc. Please note that historical data before 1999 are not actual euros and are not comparable or suitable for aggregation across countries.",Luxembourg
30,Middle income,MIC,Electric power transmission and distribution losses (% of output),EG.ELC.LOSS.ZS,9.911190053,9.398870807,9.241573034,10.59502887,10.26735565,10.05451242,10.50261214,10.96441797,11.49077278,10.69150293,10.05450539,10.55866625,10.54429852,10.56070034,10.53359587,10.55099865,10.69869798,10.6626904,10.88747467,10.99978163,11.18821439,11.4997322,11.47662707,11.43928439,11.50690842,11.60469778,11.4179264,11.8988217,11.6563563,11.97060142,10.24086188,10.60798564,10.85953595,11.42782162,11.59138339,11.95028052,12.3883292,12.52631315,12.96607723,13.47828223,13.57994776,13.65825869,13.38474561,12.8661881,12.50940759,12.36828398,11.80367197,11.29263927,11.11816717,11.0249529,10.56855368,10.15122782,10.19728118,10.10320915,10.02171414,EG.ELC.LOSS.ZS,Electric power transmission and distribution losses (% of output),"Electric power transmission and distribution losses include losses in transmission between sources of supply and points of distribution and in the distribution to consumers, including pilferage.","IEA Statistics © OECD/IEA 2018 (http://www.iea.org/stats/index.asp), subject to https://www.iea.org/t&c/termsandconditions/",Europe & Central Asia,High income,"Middle income group aggregate. Middle-income economies are those in which 2021 GNI per capita was between $1,086 and $13,205.",Middle income
31,North America,NAC,Electric power transmission and distribution losses (% of output),EG.ELC.LOSS.ZS,9.027188485,8.845312986,8.585019602,8.648188053,8.61038232,8.861329721,9.249208141,8.829332129,8.807678091,8.334092723,8.624126829,8.462180548,8.743603486,8.44752392,8.35432983,8.926030486,9.073314459,8.540564029,8.928764145,8.633416618,8.758879354,7.377265442,8.135068799,8.303668,6.943568918,7.13400287,6.625888536,5.466642394,5.444575906,9.680852941,8.977126366,7.037637467,7.232813735,7.375198062,6.921891262,7.002998024,7.002577783,6.058170153,6.121613237,5.916880157,5.967745522,4.828127826,6.460601134,5.725173663,6.395145689,6.55986989,6.516118482,6.339613361,6.007321634,6.571756467,6.306417687,6.35766137,6.571058586,6.292920202,6.286488615,EG.ELC.LOSS.ZS,Electric power transmission and distribution losses (% of output),"Electric power transmission and distribution losses include losses in transmission between sources of supply and points of distribution and in the distribution to consumers, including pilferage.","IEA Statistics © OECD/IEA 2018 (http://www.iea.org/stats/index.asp), subject to https://www.iea.org/t&c/termsandconditions/",Europe & Central Asia,High income,North America regional aggregate. There are no economies in North America classified as low or middle income.,North America
32,Netherlands,NLD,Electric power transmission and distribution losses (% of output),EG.ELC.LOSS.ZS,6.587551465,6.400363141,6.180212932,6.276210446,6.189336235,6.037584966,5.565323478,4.854272026,5.006097742,5.047921602,5.078564785,5.135399964,5.202720429,5.196952135,4.908602838,4.485974419,4.442953713,4.344096352,4.339567504,4.332650782,4.238805049,4.330788566,4.18158907,4.211232188,4.173436554,4.151111252,4.151404151,4.063198819,3.989312034,4.032854209,4.344986661,4.422994192,4.072122914,4.078590962,4.205742046,5.11168332,5.020896012,5.151231464,5.086977995,5.493542435,5.485825217,5.394873109,5.319802878,5.339916131,5.299662102,5.409273326,5.51131707,5.252698141,5.056158881,4.613381886,4.722897627,4.561129489,5.025266704,5.045411654,4.770929625,EG.ELC.LOSS.ZS,Electric power transmission and distribution losses (% of output),"Electric power transmission and distribution losses include losses in transmission between sources of supply and points of distribution and in the distribution to consumers, including pilferage.","IEA Statistics © OECD/IEA 2018 (http://www.iea.org/stats/index.asp), subject to https://www.iea.org/t&c/termsandconditions/",Europe & Central Asia,High income,"A simple multiplier is used to convert the national currencies of EMU members to euros. The following irrevocable euro conversion rate was adopted by the EU Council on January 1, 1999: 1 euro = 2.20371 Netherlands guilder. Please note that historical data before 1999 are not actual euros and are not comparable or suitable for aggregation across countries.",Netherlands
33,Norway,NOR,Electric power transmission and distribution losses (% of output),EG.ELC.LOSS.ZS,12.93728533,10.34970392,9.60736486,9.284695639,9.409146095,10.06256307,10.00531545,10.29923973,9.626386747,9.291021457,8.974336937,8.934642992,8.854598177,8.63629517,8.152322805,8.386196561,9.02119982,9.328590608,9.051324237,8.616226194,8.514626866,9.150073687,8.021171322,7.859710025,7.11945778,8.830028522,7.131773323,8.173174186,7.003439066,6.493746793,5.662316731,6.121396851,5.81580026,7.500125294,7.187308031,7.861455146,8.417543793,7.525295491,6.850409255,7.355646962,8.196560266,8.201801742,7.1122543,8.658560594,9.884021906,7.286239936,8.343370015,7.428441284,6.872667266,5.785660297,7.701358347,6.416871093,6.20414064,6.024611049,6.079617068,EG.ELC.LOSS.ZS,Electric power transmission and distribution losses (% of output),"Electric power transmission and distribution losses include losses in transmission between sources of supply and points of distribution and in the distribution to consumers, including pilferage.","IEA Statistics © OECD/IEA 2018 (http://www.iea.org/stats/index.asp), subject to https://www.iea.org/t&c/termsandconditions/",Europe & Central Asia,High income,Fiscal year end: March 31; reporting period for national accounts data: CY.,Norway
34,New Zealand,NZL,Electric power transmission and distribution losses (% of output),EG.ELC.LOSS.ZS,16.48036687,16.37612256,15.78298397,14.76216512,15.1453958,14.4524736,14.73009271,14.245739,13.93058918,14.07671316,14.13859687,13.47719344,12.50780673,11.6939183,12.29020608,13.11028983,11.64243102,12.10205671,13.62041037,12.98342541,12.60842627,13.5128227,13.13576292,11.85218737,11.64401035,11.50627615,10.53681411,11.15689708,10.65908331,10.93500861,7.404308074,7.181042768,7.271842889,7.145149526,7.265214771,7.234762354,7.164203658,7.370179741,7.444432628,7.322103816,7.758554794,7.651875063,7.415885205,7.09468573,6.992713004,6.930739155,6.90564653,6.922953855,7.137807576,6.885600534,6.905843577,6.741901401,6.768480029,6.674678746,6.544075394,EG.ELC.LOSS.ZS,Electric power transmission and distribution losses (% of output),"Electric power transmission and distribution losses include losses in transmission between sources of supply and points of distribution and in the distribution to consumers, including pilferage.","IEA Statistics © OECD/IEA 2018 (http://www.iea.org/stats/index.asp), subject to https://www.iea.org/t&c/termsandconditions/",East Asia & Pacific,High income,Fiscal year end: March 31; reporting period for national accounts data: CY.,New Zealand
35,OECD members,OED,Electric power transmission and distribution losses (% of output),EG.ELC.LOSS.ZS,9.404164629,9.171518427,8.90057419,8.746337385,8.625181737,8.679052317,8.72731062,8.433549715,8.335888386,7.971748329,8.038683637,7.915895976,8.029449796,7.853565773,7.567995362,8.036411514,8.028925707,7.763427948,7.845863208,7.660024652,7.783938493,7.106131203,7.431683455,7.587842211,6.843261533,7.053965658,6.671383791,6.16409023,6.038631089,8.048828788,7.675798293,6.697721398,6.725213175,7.046872496,6.890854363,6.99523602,6.98925372,6.423005239,6.587950736,6.388755744,6.490968004,5.938105961,6.583931795,6.21140739,6.576863506,6.593412594,6.510793061,6.417474466,6.311186594,6.587150794,6.387218077,6.374167701,6.468431971,6.397898915,6.328610118,EG.ELC.LOSS.ZS,Electric power transmission and distribution losses (% of output),"Electric power transmission and distribution losses include losses in transmission between sources of supply and points of distribution and in the distribution to consumers, including pilferage.","IEA Statistics © OECD/IEA 2018 (http://www.iea.org/stats/index.asp), subject to https://www.iea.org/t&c/termsandconditions/",Europe & Central Asia,High income,Fiscal year end: March 31; reporting period for national accounts data: CY.,OECD members
36,Other small states,OSS,Electric power transmission and distribution losses (% of output),EG.ELC.LOSS.ZS,16.6969147,14.75953566,14.97584541,15.70121951,14.68428781,15.63421829,15.92920354,17.8470255,17.28395062,15.44359255,11.08870968,6.938669439,6.757072715,6.358036956,6.411012783,6.078467489,7.043393782,6.997582136,6.669282071,6.774586983,6.796696189,6.759825328,6.488336916,6.594143506,5.35763298,5.27757676,4.290380771,6.026081635,5.706400783,5.443234837,5.972275889,6.461668911,6.437747277,7.330250669,7.8288354,8.73538535,9.113238299,7.807694861,8.765153072,8.062012418,7.607292062,8.172796264,7.719377319,7.154736723,6.875985574,7.621972402,7.493133551,7.378491703,8.438841552,8.208882698,7.476229967,6.79553322,6.628481643,6.727373117,6.201582813,EG.ELC.LOSS.ZS,Electric power transmission and distribution losses (% of output),"Electric power transmission and distribution losses include losses in transmission between sources of supply and points of distribution and in the distribution to consumers, including pilferage.","IEA Statistics © OECD/IEA 2018 (http://www.iea.org/stats/index.asp), subject to https://www.iea.org/t&c/termsandconditions/",Europe & Central Asia,High income,Fiscal year end: March 31; reporting period for national accounts data: CY.,Other small states
37,Poland,POL,Electric power transmission and distribution losses (% of output),EG.ELC.LOSS.ZS,9.562188375,9.168734491,8.949779437,9.076635716,9.145109633,9.160462248,8.700242847,8.020147986,7.944691821,8.032557209,8.642128631,8.192760689,8.498915116,8.346045669,8.297268574,8.729748719,9.469550787,8.967638283,9.279801253,9.356434796,10.08342911,10.00972584,9.307374166,9.171423741,10.22597254,10.53942887,9.82702922,10.43091488,9.768880185,9.036485044,7.856266042,10.53507926,11.56044595,12.84650817,12.98107942,13.18573868,12.77178917,11.83879093,10.89499968,10.40849708,9.9417492,9.878166726,10.10533407,9.639421635,9.45984923,9.373773003,8.721479933,9.080315695,8.137159847,8.293354332,7.544131034,6.521659167,6.730525444,6.247332675,6.466550584,EG.ELC.LOSS.ZS,Electric power transmission and distribution losses (% of output),"Electric power transmission and distribution losses include losses in transmission between sources of supply and points of distribution and in the distribution to consumers, including pilferage.","IEA Statistics © OECD/IEA 2018 (http://www.iea.org/stats/index.asp), subject to https://www.iea.org/t&c/termsandconditions/",Europe & Central Asia,High income,Fiscal year end: March 31; reporting period for national accounts data: CY.,Poland
38,Portugal,PRT,Electric power transmission and distribution losses (% of output),EG.ELC.LOSS.ZS,13.54071363,14.44261395,13.79132231,13.57570179,13.62787803,15.97341338,13.61763125,13.90850992,14.63336535,14.04609102,11.76391503,11.28419453,12.18325792,12.48978758,12.40992045,10.69993459,12.28349592,10.61343013,10.9048565,11.05802048,12.29777719,12.04427083,13.57687048,11.90937794,11.57593123,12.59968102,11.95454322,12.53544247,12.5691347,11.62080708,11.1565874,11.11410118,11.49107113,11.12616973,11.44443735,10.04706734,10.07932127,9.425172858,8.327550312,8.500722375,8.413262012,8.787471842,7.671412924,8.342468992,9.05034912,9.119251754,7.588109354,6.780962129,9.200659703,7.663392749,7.971540854,7.88236201,10.32780411,10.79471247,10.02521219,EG.ELC.LOSS.ZS,Electric power transmission and distribution losses (% of output),"Electric power transmission and distribution losses include losses in transmission between sources of supply and points of distribution and in the distribution to consumers, including pilferage.","IEA Statistics © OECD/IEA 2018 (http://www.iea.org/stats/index.asp), subject to https://www.iea.org/t&c/termsandconditions/",Europe & Central Asia,High income,"A simple multiplier is used to convert the national currencies of EMU members to euros. The following irrevocable euro conversion rate was adopted by the EU Council on January 1, 1999: 1 euro = 200.482 Portuguese escudo. Please note that historical data before 1999 are not actual euros and are not comparable or suitable for aggregation across countries.",Portugal
39,Post-demographic dividend,PST,Electric power transmission and distribution losses (% of output),EG.ELC.LOSS.ZS,9.392816173,9.163170678,8.891730707,8.727850624,8.605215766,8.660439192,8.718805371,8.42932409,8.330526123,7.957679149,8.016835902,7.834339707,7.960281336,7.789407185,7.490048329,7.966366236,7.955335005,7.673611055,7.769021651,7.549495355,7.669259567,6.936557558,7.266956898,7.458421558,6.661307821,6.883505151,6.484760078,5.880605639,5.751912512,7.902010682,7.547362852,6.548137342,6.589780689,6.860736903,6.695763986,6.747178828,6.802236226,6.24452689,6.413990752,6.239862557,6.355893633,5.832607503,6.492523445,6.122375357,6.396313464,6.3564288,6.24742718,6.126904993,6.017985422,6.270145462,6.075002268,6.088829788,6.186867402,6.099582424,6.026833989,EG.ELC.LOSS.ZS,Electric power transmission and distribution losses (% of output),"Electric power transmission and distribution losses include losses in transmission between sources of supply and points of distribution and in the distribution to consumers, including pilferage.","IEA Statistics © OECD/IEA 2018 (http://www.iea.org/stats/index.asp), subject to https://www.iea.org/t&c/termsandconditions/",Europe & Central Asia,High income,Post-dividend countries are mostly high-income countries where fertility has transitioned below replacement levels.,Post-demographic dividend
40,Small states,SST,Electric power transmission and distribution losses (% of output),EG.ELC.LOSS.ZS,16.6969147,14.75953566,14.97584541,15.70121951,14.68428781,15.63421829,15.92920354,17.8470255,17.28395062,15.44359255,11.08870968,6.001534919,5.926025918,6.462462462,6.091549296,6.656101426,6.832298137,6.407747995,6.456306265,6.678341161,6.751453488,6.738002594,6.193765601,6.395189943,5.474899423,5.419704228,4.583921016,6.050344283,7.105319991,7.195461433,6.597390553,7.481334755,7.213671021,6.831902748,8.39636611,9.045844061,9.369805327,8.160589632,8.829721978,8.257117094,7.698377771,8.168132141,7.84784673,7.135327876,7.117302757,7.804595218,7.640696335,7.310895767,8.657684394,8.472811198,7.668885487,7.091169801,6.989795509,7.091837914,6.58203974,EG.ELC.LOSS.ZS,Electric power transmission and distribution losses (% of output),"Electric power transmission and distribution losses include losses in transmission between sources of supply and points of distribution and in the distribution to consumers, including pilferage.","IEA Statistics © OECD/IEA 2018 (http://www.iea.org/stats/index.asp), subject to https://www.iea.org/t&c/termsandconditions/",Europe & Central Asia,High income,Small states (members of the Small States Forum) aggregate.,Small states
41,Sweden,SWE,Electric power transmission and distribution losses (% of output),EG.ELC.LOSS.ZS,12.17655141,12.34956201,11.75276616,11.66317863,11.99770632,11.41984111,11.02836599,11.02337334,11.59046433,10.12021632,9.675556142,9.064538431,9.70091971,9.810402255,8.483557449,9.140679313,9.651356607,7.849848315,8.564445976,8.264784466,8.595664272,7.969196663,8.188962135,8.547887828,8.174059772,7.902504046,6.974015816,6.964795824,6.535247629,6.605978337,6.307540552,5.988977342,6.556983883,6.903412807,6.344078486,6.792633503,7.357050922,6.847579856,6.768645578,6.677301438,7.446757235,7.305300288,8.101567825,7.879360905,7.20958905,7.393679159,7.584132434,7.16354327,7.328512149,7.250885772,7.129866631,7.034088943,6.585714629,6.536584091,4.776169947,EG.ELC.LOSS.ZS,Electric power transmission and distribution losses (% of output),"Electric power transmission and distribution losses include losses in transmission between sources of supply and points of distribution and in the distribution to consumers, including pilferage.","IEA Statistics © OECD/IEA 2018 (http://www.iea.org/stats/index.asp), subject to https://www.iea.org/t&c/termsandconditions/",Europe & Central Asia,High income,Fiscal year end: June 30; reporting period for national accounts data: CY.,Sweden
42,Europe & Central Asia (IDA & IBRD countries),TEC,Electric power transmission and distribution losses (% of output),EG.ELC.LOSS.ZS,9.592796835,9.188391819,8.976466961,9.224415991,9.25601119,9.251318246,8.889350924,8.338556902,8.338808147,8.339971089,8.808871851,8.019118805,8.250673366,8.357618277,8.73199041,8.587220414,8.936596768,8.503016676,8.534370837,8.493914174,9.054872688,8.853169485,8.61067749,8.512280231,9.056599781,9.171733955,9.148212435,9.39732741,9.365137942,8.981590102,8.445313343,8.917888551,9.572581027,10.62427035,11.30337537,11.50177785,12.32085253,12.60146159,13.40891338,13.29100426,13.39810333,13.63884365,13.72753101,13.29520906,12.7591655,12.43821562,11.70461021,11.42675945,11.28026312,11.52401777,10.89096155,10.64552705,10.75827836,10.90316802,10.57572088,EG.ELC.LOSS.ZS,Electric power transmission and distribution losses (% of output),"Electric power transmission and distribution losses include losses in transmission between sources of supply and points of distribution and in the distribution to consumers, including pilferage.","IEA Statistics © OECD/IEA 2018 (http://www.iea.org/stats/index.asp), subject to https://www.iea.org/t&c/termsandconditions/",Europe & Central Asia,High income,Europe & Central Asia (IDA & IBRD countries) aggregate.,Europe & Central Asia (IDA & IBRD)
43,Turkiye,TUR,Electric power transmission and distribution losses (% of output),EG.ELC.LOSS.ZS,9.911190053,9.398870807,9.241573034,10.59502887,10.26735565,10.05451242,10.50261214,10.96441797,11.49077278,10.69150293,10.05450539,10.05009713,10.05069821,10.32595573,11.04103287,10.46533956,9.363889952,10.10454656,10.07088281,11.37554391,12.13319012,11.87938232,12.49246761,12.51325557,12.21703198,11.5286829,13.72213125,12.44109756,13.12853813,12.0033049,11.61044784,12.5502108,13.35719165,13.89009321,15.11982738,15.96461326,16.71269845,17.98907993,18.73052188,18.50309172,19.0166664,19.00916684,18.49459042,17.10899766,15.42356236,14.84600756,14.07268334,13.91066935,13.85005393,14.88152681,14.30911708,14.11071829,14.88834887,15.46257818,14.81606426,EG.ELC.LOSS.ZS,Electric power transmission and distribution losses (% of output),"Electric power transmission and distribution losses include losses in transmission between sources of supply and points of distribution and in the distribution to consumers, including pilferage.","IEA Statistics © OECD/IEA 2018 (http://www.iea.org/stats/index.asp), subject to https://www.iea.org/t&c/termsandconditions/",Europe & Central Asia,Upper middle income,Fiscal year end: March 31; reporting period for national accounts data: CY.,Türkiye
44,Upper middle income,UMC,Electric power transmission and distribution losses (% of output),EG.ELC.LOSS.ZS,9.911190053,9.398870807,9.241573034,10.59502887,10.26735565,10.05451242,10.50261214,10.96441797,11.49077278,10.69150293,10.05450539,9.410434797,9.300532592,9.344514957,9.403733306,9.402457115,9.453252805,9.515688452,9.631681806,9.694665606,9.911742458,9.803656429,10.01169468,9.822528885,9.473060352,9.619640776,9.545453016,9.780887001,9.598506467,9.964284423,9.177806023,9.482873953,9.727600801,10.34223057,10.35564211,10.61152334,10.79183262,10.79086169,10.92932936,11.00760798,10.91589549,10.75301037,10.56558931,10.10949129,10.05056363,10.10755794,9.634151713,9.299852241,9.321291433,9.275405739,8.980400973,8.555288803,8.627732282,8.549176751,8.320970004,EG.ELC.LOSS.ZS,Electric power transmission and distribution losses (% of output),"Electric power transmission and distribution losses include losses in transmission between sources of supply and points of distribution and in the distribution to consumers, including pilferage.","IEA Statistics © OECD/IEA 2018 (http://www.iea.org/stats/index.asp), subject to https://www.iea.org/t&c/termsandconditions/",Europe & Central Asia,High income,"Upper middle income group aggregate. Upper-middle-income economies are those in which 2021 GNI per capita was between $4,256 and $13,205.",Upper middle income
45,United States,USA,Electric power transmission and distribution losses (% of output),EG.ELC.LOSS.ZS,9.070514544,8.837363192,8.576649602,8.65528999,8.634790271,9.020270723,9.432144071,8.925564399,8.906578573,8.450156503,8.741966056,8.562916084,8.838971665,8.295561099,8.326525608,8.78786372,8.964820153,8.653705743,8.975748152,8.718914523,8.777746651,7.407272148,8.198271926,8.442777578,6.929720268,7.058543538,6.529925098,5.193017632,5.043172913,9.911998072,9.26323204,7.017042051,7.260234141,7.451054394,6.975893946,6.990636735,6.906139387,5.916938528,6.005460896,5.688167041,5.691270367,4.414208388,6.199460113,5.612643659,6.410628532,6.305203206,6.228685727,6.175953968,5.666984421,6.258902217,5.993965133,5.998379803,6.292678518,5.955568245,5.911386391,EG.ELC.LOSS.ZS,Electric power transmission and distribution losses (% of output),"Electric power transmission and distribution losses include losses in transmission between sources of supply and points of distribution and in the distribution to consumers, including pilferage.","IEA Statistics © OECD/IEA 2018 (http://www.iea.org/stats/index.asp), subject to https://www.iea.org/t&c/termsandconditions/",North America,High income,Fiscal year end: March 31; reporting period for national accounts data: CY.,United States
46,World,WLD,Electric power transmission and distribution losses (% of output),EG.ELC.LOSS.ZS,9.404164629,9.171518427,8.90057419,8.746337385,8.625181737,8.679052317,8.72731062,8.433549715,8.335888386,7.971748329,8.038683637,8.172434512,8.278759318,8.14495658,7.907601373,8.333237928,8.369735571,8.130368286,8.245687724,8.113763122,8.260818838,7.757037137,8.077149517,8.222918219,7.617519961,7.849153825,7.519571679,7.241291268,7.128191367,8.767406203,8.475500159,7.968476538,8.068137959,8.426932433,8.371788161,8.567922942,8.712927304,8.40054528,8.635639414,8.683603487,8.853739284,8.622984819,8.96889103,8.647416168,8.833371852,8.864808152,8.652721741,8.477659848,8.402569093,8.60080801,8.26414029,8.165723048,8.268636013,8.200009316,8.250599185,EG.ELC.LOSS.ZS,Electric power transmission and distribution losses (% of output),"Electric power transmission and distribution losses include losses in transmission between sources of supply and points of distribution and in the distribution to consumers, including pilferage.","IEA Statistics © OECD/IEA 2018 (http://www.iea.org/stats/index.asp), subject to https://www.iea.org/t&c/termsandconditions/",Europe & Central Asia,High income,World aggregate.,World
